<library path="lib/libchassis_controllers">

    <class name="chassis_controllers/SwerveController"
           type="chassis_controllers::SwerveController"
           base_class_type="controller_interface::ControllerBase">
        <description>
            The SwerveController is swerve drive Chassis controller. It expects a EffortJointInterface
            type of hardware interface.
        </description>
    </class>

    <class name="chassis_controllers/OmniController"
           type="chassis_controllers::OmniController"
           base_class_type="controller_interface::ControllerBase">
        <description>
            The OmniController is Omnidirectional drive Chassis controller. It expects a EffortJointInterface
            type of hardware interface.
        </description>
    </class>

</library>
